<?xml version="1.0" encoding="UTF-8"?>
<?xml-stylesheet type="text/xsl" href="GreenButtonDataStyleSheet.xslt"?>

<!--
=========================================================
=========================================================
=========================================================
=========================================================
=========================================================
=========================================================

To view this data file in a browser in a more readable tabluar form
please download the GreenButtonDataStyleSheet.xslt file by copying and
pasting the following link in your browser and place the file in the same
directory as this XML file:
=====|
http://www.greenbuttondata.org/data/downloading.aspx?file=GreenButtonDataStyleSheet.xslt
|=====

Please leave this heading comment section in this file.

=========================================================
=========================================================
=========================================================
=========================================================
=========================================================
=========================================================
-->
<!--
==========================================================================
Sample Green Button Data File:  1dayLP_45Days.xml
Version: 0.7 20120116
     Author: Ron Pasquarelli, Marty Burns (Hypertek for EnerNex)
     Notice: This is draft prototype developed for SGIP by the Administrator Technical Team (EnerNex)
==========================================================================
Copyright (c) 2012 EnergyOS.org

Licensed by EnergyOS.org under one or more contributor license agreements.

See the NOTICE file distributed with this work for additional 
information regarding copyright ownership. The EnergyOS.org licenses this 
file to you under the Apache License, Version 2.0 (the "; License; "); 
you may not use this file except in compliance with the License.
You may obtain a copy of the License at:
http://www.apache.org/licenses/LICENSE-2.0
  
Unless required by applicable law or agreed to in writing, software 
distributed under the License is distributed on an "AS IS" BASIS, 
WITHOUT WARRANTIES OR CONDITIONS OF ANY KIND, either express or 
implied.  See the License for the specific language governing 
permissions and limitations under the License.
-->
    
<feed xmlns="http://www.w3.org/2005/Atom" xsi:schemaLocation="http://naesb.org/espi espiDerived.xsd" xmlns:xsi="http://www.w3.org/2001/XMLSchema-instance">
    <id>urn:uuid:BEEFF372-CCD3-47EB-86DB-A424917093F2</id>
 <title>ThirdPartyX Batch Feed</title>
 <updated>1899-12-30T00:00:00Z</updated>
 <link rel="self" href="/ThirdParty/83e269c1/Batch"/>
    <entry>
    <id>urn:uuid:7412BB69-7CAF-4E73-B90D-F6DD8F587820</id>
        <link rel="self" href="/User/9b6c7065/UsagePoint/01"/>
        <link rel="up" href="/User/9b6c7065"/>
        <link rel="related" href="/User/9b6c7065/UsagePoint/01/MeterReading"/>
        <title>my house</title>
        <content>
            <UsagePoint xmlns="http://naesb.org/espi">
                <ServiceCategory>
                    <kind> 0 </kind>
                    </ServiceCategory>
            </UsagePoint>
        </content>
        <published>1899-12-30T00:00:00Z</published>
        <updated>1899-12-30T00:00:00Z</updated>
    </entry>
    <entry>
    <id>urn:uuid:AFCF710F-282B-43F6-9651-F11DDA891617</id>
            <link rel="self" href="/User/9b6c7065/UsagePoint/01/LocalTimeParameters"/>
            <link rel="up" href="/User/9b6c7065/UsagePoint/01"/>
            <title>DST For North America</title>
            <content>
            <LocalTimeParameters xmlns="http://naesb.org/espi">
                        <dstEndRule>B40E2000</dstEndRule>
                        <dstOffset>3600</dstOffset>
                        <dstStartRule>360E2000</dstStartRule>
                        <tzOffset>-18000</tzOffset>
            </LocalTimeParameters>
        </content>
        <published>1899-12-30T00:00:00Z</published>
        <updated>1899-12-30T00:00:00Z</updated>
    </entry>
    <entry>
    <id>urn:uuid:E09C4E89-6E3D-4A00-BFE9-FC3FA46DDBCA</id>
        <link rel="self" href="/User/9b6c7065/UsagePoint/01/MeterReading/01"/>
        <link rel="up" href="/User/9b6c7065/UsagePoint/01"/>
        <link rel="related" href="/User/9b6c7065/UsagePoint/01/MeterReading/01/IntervalBlock"/>
        <link rel="related" href="/ReadingType/07"/>
        <title>Daily Electricity Consumption</title>
        <content>
            <MeterReading xmlns="http://naesb.org/espi"/>
        </content>
        <published>1899-12-30T00:00:00Z</published>
        <updated>1899-12-30T00:00:00Z</updated>
    </entry>
<entry>
    <id>urn:uuid:F516D3D9-672E-4EDF-8476-9332EEEC3D4E</id>
    <link rel="self" href="/User/9b6c7065/UsagePoint/01/MeterReading/01/IntervalBlock/0173"/>
    <link rel="up" href="/User/9b6c7065/UsagePoint/01/MeterReading/01"/>
    <title/>
    <content>
<IntervalBlock xmlns="http://naesb.org/espi">
    <interval>
        <duration>86400</duration>
        <start>1330578000</start>
        <!-- start date: 3/1/2012 5:00:00 AM -->
    </interval>
<IntervalReading>
    <cost>577096</cost>
    <timePeriod>
        <duration>86400</duration>
        <start>1330578000</start>
         <!-- 3/1/2012 5:00:00 AM  -->
    </timePeriod>
    <value>61728</value>
</IntervalReading>
</IntervalBlock>
<IntervalBlock xmlns="http://naesb.org/espi">
    <interval>
        <duration>86400</duration>
        <start>1330664400</start>
        <!-- start date: 3/2/2012 5:00:00 AM -->
    </interval>
<IntervalReading>
    <cost>577096</cost>
    <timePeriod>
        <duration>86400</duration>
        <start>1330664400</start>
         <!-- 3/2/2012 5:00:00 AM  -->
    </timePeriod>
    <value>61728</value>
</IntervalReading>
</IntervalBlock>
<IntervalBlock xmlns="http://naesb.org/espi">
    <interval>
        <duration>86400</duration>
        <start>1330750800</start>
        <!-- start date: 3/3/2012 5:00:00 AM -->
    </interval>
<IntervalReading>
    <cost>459069</cost>
    <timePeriod>
        <duration>86400</duration>
        <start>1330750800</start>
         <!-- 3/3/2012 5:00:00 AM  -->
    </timePeriod>
    <value>75353</value>
</IntervalReading>
</IntervalBlock>
<IntervalBlock xmlns="http://naesb.org/espi">
    <interval>
        <duration>86400</duration>
        <start>1330837200</start>
        <!-- start date: 3/4/2012 5:00:00 AM -->
    </interval>
<IntervalReading>
    <cost>459069</cost>
    <timePeriod>
        <duration>86400</duration>
        <start>1330837200</start>
         <!-- 3/4/2012 5:00:00 AM  -->
    </timePeriod>
    <value>75353</value>
</IntervalReading>
</IntervalBlock>
<IntervalBlock xmlns="http://naesb.org/espi">
    <interval>
        <duration>86400</duration>
        <start>1330923600</start>
        <!-- start date: 3/5/2012 5:00:00 AM -->
    </interval>
<IntervalReading>
    <cost>577096</cost>
    <timePeriod>
        <duration>86400</duration>
        <start>1330923600</start>
         <!-- 3/5/2012 5:00:00 AM  -->
    </timePeriod>
    <value>61728</value>
</IntervalReading>
</IntervalBlock>
<IntervalBlock xmlns="http://naesb.org/espi">
    <interval>
        <duration>86400</duration>
        <start>1331010000</start>
        <!-- start date: 3/6/2012 5:00:00 AM -->
    </interval>
<IntervalReading>
    <cost>577096</cost>
    <timePeriod>
        <duration>86400</duration>
        <start>1331010000</start>
         <!-- 3/6/2012 5:00:00 AM  -->
    </timePeriod>
    <value>61728</value>
</IntervalReading>
</IntervalBlock>
<IntervalBlock xmlns="http://naesb.org/espi">
    <interval>
        <duration>86400</duration>
        <start>1331096400</start>
        <!-- start date: 3/7/2012 5:00:00 AM -->
    </interval>
<IntervalReading>
    <cost>577096</cost>
    <timePeriod>
        <duration>86400</duration>
        <start>1331096400</start>
         <!-- 3/7/2012 5:00:00 AM  -->
    </timePeriod>
    <value>61728</value>
</IntervalReading>
</IntervalBlock>
<IntervalBlock xmlns="http://naesb.org/espi">
    <interval>
        <duration>86400</duration>
        <start>1331182800</start>
        <!-- start date: 3/8/2012 5:00:00 AM -->
    </interval>
<IntervalReading>
    <cost>577096</cost>
    <timePeriod>
        <duration>86400</duration>
        <start>1331182800</start>
         <!-- 3/8/2012 5:00:00 AM  -->
    </timePeriod>
    <value>61728</value>
</IntervalReading>
</IntervalBlock>
<IntervalBlock xmlns="http://naesb.org/espi">
    <interval>
        <duration>86400</duration>
        <start>1331269200</start>
        <!-- start date: 3/9/2012 5:00:00 AM -->
    </interval>
<IntervalReading>
    <cost>577096</cost>
    <timePeriod>
        <duration>86400</duration>
        <start>1331269200</start>
         <!-- 3/9/2012 5:00:00 AM  -->
    </timePeriod>
    <value>61728</value>
</IntervalReading>
</IntervalBlock>
<IntervalBlock xmlns="http://naesb.org/espi">
    <interval>
        <duration>86400</duration>
        <start>1331355600</start>
        <!-- start date: 3/10/2012 5:00:00 AM -->
    </interval>
<IntervalReading>
    <cost>459069</cost>
    <timePeriod>
        <duration>86400</duration>
        <start>1331355600</start>
         <!-- 3/10/2012 5:00:00 AM  -->
    </timePeriod>
    <value>75353</value>
</IntervalReading>
</IntervalBlock>
<IntervalBlock xmlns="http://naesb.org/espi">
    <interval>
        <duration>82800</duration>
        <start>1331442000</start>
        <!-- start date: 3/11/2012 5:00:00 AM -->
    </interval>
<IntervalReading>
    <cost>457225</cost>
    <timePeriod>
        <duration>82800</duration>
        <start>1331442000</start>
         <!-- 3/11/2012 5:00:00 AM  -->
    </timePeriod>
    <value>74551</value>
</IntervalReading>
</IntervalBlock>
<IntervalBlock xmlns="http://naesb.org/espi">
    <interval>
        <duration>86400</duration>
        <start>1331524800</start>
        <!-- start date: 3/12/2012 4:00:00 AM -->
    </interval>
<IntervalReading>
    <cost>577096</cost>
    <timePeriod>
        <duration>86400</duration>
        <start>1331524800</start>
         <!-- 3/12/2012 4:00:00 AM  -->
    </timePeriod>
    <value>61728</value>
</IntervalReading>
</IntervalBlock>
<IntervalBlock xmlns="http://naesb.org/espi">
    <interval>
        <duration>86400</duration>
        <start>1331611200</start>
        <!-- start date: 3/13/2012 4:00:00 AM -->
    </interval>
<IntervalReading>
    <cost>577096</cost>
    <timePeriod>
        <duration>86400</duration>
        <start>1331611200</start>
         <!-- 3/13/2012 4:00:00 AM  -->
    </timePeriod>
    <value>61728</value>
</IntervalReading>
</IntervalBlock>
<IntervalBlock xmlns="http://naesb.org/espi">
    <interval>
        <duration>86400</duration>
        <start>1331697600</start>
        <!-- start date: 3/14/2012 4:00:00 AM -->
    </interval>
<IntervalReading>
    <cost>577096</cost>
    <timePeriod>
        <duration>86400</duration>
        <start>1331697600</start>
         <!-- 3/14/2012 4:00:00 AM  -->
    </timePeriod>
    <value>61728</value>
</IntervalReading>
</IntervalBlock>
<IntervalBlock xmlns="http://naesb.org/espi">
    <interval>
        <duration>86400</duration>
        <start>1331784000</start>
        <!-- start date: 3/15/2012 4:00:00 AM -->
    </interval>
<IntervalReading>
    <cost>577096</cost>
    <timePeriod>
        <duration>86400</duration>
        <start>1331784000</start>
         <!-- 3/15/2012 4:00:00 AM  -->
    </timePeriod>
    <value>61728</value>
</IntervalReading>
</IntervalBlock>
<IntervalBlock xmlns="http://naesb.org/espi">
    <interval>
        <duration>86400</duration>
        <start>1331870400</start>
        <!-- start date: 3/16/2012 4:00:00 AM -->
    </interval>
<IntervalReading>
    <cost>577096</cost>
    <timePeriod>
        <duration>86400</duration>
        <start>1331870400</start>
         <!-- 3/16/2012 4:00:00 AM  -->
    </timePeriod>
    <value>61728</value>
</IntervalReading>
</IntervalBlock>
<IntervalBlock xmlns="http://naesb.org/espi">
    <interval>
        <duration>86400</duration>
        <start>1331956800</start>
        <!-- start date: 3/17/2012 4:00:00 AM -->
    </interval>
<IntervalReading>
    <cost>459069</cost>
    <timePeriod>
        <duration>86400</duration>
        <start>1331956800</start>
         <!-- 3/17/2012 4:00:00 AM  -->
    </timePeriod>
    <value>75353</value>
</IntervalReading>
</IntervalBlock>
<IntervalBlock xmlns="http://naesb.org/espi">
    <interval>
        <duration>86400</duration>
        <start>1332043200</start>
        <!-- start date: 3/18/2012 4:00:00 AM -->
    </interval>
<IntervalReading>
    <cost>459069</cost>
    <timePeriod>
        <duration>86400</duration>
        <start>1332043200</start>
         <!-- 3/18/2012 4:00:00 AM  -->
    </timePeriod>
    <value>75353</value>
</IntervalReading>
</IntervalBlock>
<IntervalBlock xmlns="http://naesb.org/espi">
    <interval>
        <duration>86400</duration>
        <start>1332129600</start>
        <!-- start date: 3/19/2012 4:00:00 AM -->
    </interval>
<IntervalReading>
    <cost>577096</cost>
    <timePeriod>
        <duration>86400</duration>
        <start>1332129600</start>
         <!-- 3/19/2012 4:00:00 AM  -->
    </timePeriod>
    <value>61728</value>
</IntervalReading>
</IntervalBlock>
<IntervalBlock xmlns="http://naesb.org/espi">
    <interval>
        <duration>86400</duration>
        <start>1332216000</start>
        <!-- start date: 3/20/2012 4:00:00 AM -->
    </interval>
<IntervalReading>
    <cost>577096</cost>
    <timePeriod>
        <duration>86400</duration>
        <start>1332216000</start>
         <!-- 3/20/2012 4:00:00 AM  -->
    </timePeriod>
    <value>61728</value>
</IntervalReading>
</IntervalBlock>
<IntervalBlock xmlns="http://naesb.org/espi">
    <interval>
        <duration>86400</duration>
        <start>1332302400</start>
        <!-- start date: 3/21/2012 4:00:00 AM -->
    </interval>
<IntervalReading>
    <cost>577096</cost>
    <timePeriod>
        <duration>86400</duration>
        <start>1332302400</start>
         <!-- 3/21/2012 4:00:00 AM  -->
    </timePeriod>
    <value>61728</value>
</IntervalReading>
</IntervalBlock>
<IntervalBlock xmlns="http://naesb.org/espi">
    <interval>
        <duration>86400</duration>
        <start>1332388800</start>
        <!-- start date: 3/22/2012 4:00:00 AM -->
    </interval>
<IntervalReading>
    <cost>577096</cost>
    <timePeriod>
        <duration>86400</duration>
        <start>1332388800</start>
         <!-- 3/22/2012 4:00:00 AM  -->
    </timePeriod>
    <value>61728</value>
</IntervalReading>
</IntervalBlock>
<IntervalBlock xmlns="http://naesb.org/espi">
    <interval>
        <duration>86400</duration>
        <start>1332475200</start>
        <!-- start date: 3/23/2012 4:00:00 AM -->
    </interval>
<IntervalReading>
    <cost>577096</cost>
    <timePeriod>
        <duration>86400</duration>
        <start>1332475200</start>
         <!-- 3/23/2012 4:00:00 AM  -->
    </timePeriod>
    <value>61728</value>
</IntervalReading>
</IntervalBlock>
<IntervalBlock xmlns="http://naesb.org/espi">
    <interval>
        <duration>86400</duration>
        <start>1332561600</start>
        <!-- start date: 3/24/2012 4:00:00 AM -->
    </interval>
<IntervalReading>
    <cost>459069</cost>
    <timePeriod>
        <duration>86400</duration>
        <start>1332561600</start>
         <!-- 3/24/2012 4:00:00 AM  -->
    </timePeriod>
    <value>75353</value>
</IntervalReading>
</IntervalBlock>
<IntervalBlock xmlns="http://naesb.org/espi">
    <interval>
        <duration>86400</duration>
        <start>1332648000</start>
        <!-- start date: 3/25/2012 4:00:00 AM -->
    </interval>
<IntervalReading>
    <cost>459069</cost>
    <timePeriod>
        <duration>86400</duration>
        <start>1332648000</start>
         <!-- 3/25/2012 4:00:00 AM  -->
    </timePeriod>
    <value>75353</value>
</IntervalReading>
</IntervalBlock>
<IntervalBlock xmlns="http://naesb.org/espi">
    <interval>
        <duration>86400</duration>
        <start>1332734400</start>
        <!-- start date: 3/26/2012 4:00:00 AM -->
    </interval>
<IntervalReading>
    <cost>577096</cost>
    <timePeriod>
        <duration>86400</duration>
        <start>1332734400</start>
         <!-- 3/26/2012 4:00:00 AM  -->
    </timePeriod>
    <value>61728</value>
</IntervalReading>
</IntervalBlock>
<IntervalBlock xmlns="http://naesb.org/espi">
    <interval>
        <duration>86400</duration>
        <start>1332820800</start>
        <!-- start date: 3/27/2012 4:00:00 AM -->
    </interval>
<IntervalReading>
    <cost>577096</cost>
    <timePeriod>
        <duration>86400</duration>
        <start>1332820800</start>
         <!-- 3/27/2012 4:00:00 AM  -->
    </timePeriod>
    <value>61728</value>
</IntervalReading>
</IntervalBlock>
<IntervalBlock xmlns="http://naesb.org/espi">
    <interval>
        <duration>86400</duration>
        <start>1332907200</start>
        <!-- start date: 3/28/2012 4:00:00 AM -->
    </interval>
<IntervalReading>
    <cost>577096</cost>
    <timePeriod>
        <duration>86400</duration>
        <start>1332907200</start>
         <!-- 3/28/2012 4:00:00 AM  -->
    </timePeriod>
    <value>61728</value>
</IntervalReading>
</IntervalBlock>
<IntervalBlock xmlns="http://naesb.org/espi">
    <interval>
        <duration>86400</duration>
        <start>1332993600</start>
        <!-- start date: 3/29/2012 4:00:00 AM -->
    </interval>
<IntervalReading>
    <cost>577096</cost>
    <timePeriod>
        <duration>86400</duration>
        <start>1332993600</start>
         <!-- 3/29/2012 4:00:00 AM  -->
    </timePeriod>
    <value>61728</value>
</IntervalReading>
</IntervalBlock>
<IntervalBlock xmlns="http://naesb.org/espi">
    <interval>
        <duration>86400</duration>
        <start>1333080000</start>
        <!-- start date: 3/30/2012 4:00:00 AM -->
    </interval>
<IntervalReading>
    <cost>577096</cost>
    <timePeriod>
        <duration>86400</duration>
        <start>1333080000</start>
         <!-- 3/30/2012 4:00:00 AM  -->
    </timePeriod>
    <value>61728</value>
</IntervalReading>
</IntervalBlock>
<IntervalBlock xmlns="http://naesb.org/espi">
    <interval>
        <duration>86400</duration>
        <start>1333166400</start>
        <!-- start date: 3/31/2012 4:00:00 AM -->
    </interval>
<IntervalReading>
    <cost>459069</cost>
    <timePeriod>
        <duration>86400</duration>
        <start>1333166400</start>
         <!-- 3/31/2012 4:00:00 AM  -->
    </timePeriod>
    <value>75353</value>
</IntervalReading>
</IntervalBlock>
<IntervalBlock xmlns="http://naesb.org/espi">
    <interval>
        <duration>86400</duration>
        <start>1333252800</start>
        <!-- start date: 4/1/2012 4:00:00 AM -->
    </interval>
<IntervalReading>
    <cost>459069</cost>
    <timePeriod>
        <duration>86400</duration>
        <start>1333252800</start>
         <!-- 4/1/2012 4:00:00 AM  -->
    </timePeriod>
    <value>75353</value>
</IntervalReading>
</IntervalBlock>
<IntervalBlock xmlns="http://naesb.org/espi">
    <interval>
        <duration>86400</duration>
        <start>1333339200</start>
        <!-- start date: 4/2/2012 4:00:00 AM -->
    </interval>
<IntervalReading>
    <cost>577096</cost>
    <timePeriod>
        <duration>86400</duration>
        <start>1333339200</start>
         <!-- 4/2/2012 4:00:00 AM  -->
    </timePeriod>
    <value>61728</value>
</IntervalReading>
</IntervalBlock>
<IntervalBlock xmlns="http://naesb.org/espi">
    <interval>
        <duration>86400</duration>
        <start>1333425600</start>
        <!-- start date: 4/3/2012 4:00:00 AM -->
    </interval>
<IntervalReading>
    <cost>577096</cost>
    <timePeriod>
        <duration>86400</duration>
        <start>1333425600</start>
         <!-- 4/3/2012 4:00:00 AM  -->
    </timePeriod>
    <value>61728</value>
</IntervalReading>
</IntervalBlock>
<IntervalBlock xmlns="http://naesb.org/espi">
    <interval>
        <duration>86400</duration>
        <start>1333512000</start>
        <!-- start date: 4/4/2012 4:00:00 AM -->
    </interval>
<IntervalReading>
    <cost>577096</cost>
    <timePeriod>
        <duration>86400</duration>
        <start>1333512000</start>
         <!-- 4/4/2012 4:00:00 AM  -->
    </timePeriod>
    <value>61728</value>
</IntervalReading>
</IntervalBlock>
<IntervalBlock xmlns="http://naesb.org/espi">
    <interval>
        <duration>86400</duration>
        <start>1333598400</start>
        <!-- start date: 4/5/2012 4:00:00 AM -->
    </interval>
<IntervalReading>
    <cost>577096</cost>
    <timePeriod>
        <duration>86400</duration>
        <start>1333598400</start>
         <!-- 4/5/2012 4:00:00 AM  -->
    </timePeriod>
    <value>61728</value>
</IntervalReading>
</IntervalBlock>
<IntervalBlock xmlns="http://naesb.org/espi">
    <interval>
        <duration>86400</duration>
        <start>1333684800</start>
        <!-- start date: 4/6/2012 4:00:00 AM -->
    </interval>
<IntervalReading>
    <cost>577096</cost>
    <timePeriod>
        <duration>86400</duration>
        <start>1333684800</start>
         <!-- 4/6/2012 4:00:00 AM  -->
    </timePeriod>
    <value>61728</value>
</IntervalReading>
</IntervalBlock>
<IntervalBlock xmlns="http://naesb.org/espi">
    <interval>
        <duration>86400</duration>
        <start>1333771200</start>
        <!-- start date: 4/7/2012 4:00:00 AM -->
    </interval>
<IntervalReading>
    <cost>459069</cost>
    <timePeriod>
        <duration>86400</duration>
        <start>1333771200</start>
         <!-- 4/7/2012 4:00:00 AM  -->
    </timePeriod>
    <value>75353</value>
</IntervalReading>
</IntervalBlock>
<IntervalBlock xmlns="http://naesb.org/espi">
    <interval>
        <duration>86400</duration>
        <start>1333857600</start>
        <!-- start date: 4/8/2012 4:00:00 AM -->
    </interval>
<IntervalReading>
    <cost>459069</cost>
    <timePeriod>
        <duration>86400</duration>
        <start>1333857600</start>
         <!-- 4/8/2012 4:00:00 AM  -->
    </timePeriod>
    <value>75353</value>
</IntervalReading>
</IntervalBlock>
<IntervalBlock xmlns="http://naesb.org/espi">
    <interval>
        <duration>86400</duration>
        <start>1333944000</start>
        <!-- start date: 4/9/2012 4:00:00 AM -->
    </interval>
<IntervalReading>
    <cost>577096</cost>
    <timePeriod>
        <duration>86400</duration>
        <start>1333944000</start>
         <!-- 4/9/2012 4:00:00 AM  -->
    </timePeriod>
    <value>61728</value>
</IntervalReading>
</IntervalBlock>
<IntervalBlock xmlns="http://naesb.org/espi">
    <interval>
        <duration>86400</duration>
        <start>1334030400</start>
        <!-- start date: 4/10/2012 4:00:00 AM -->
    </interval>
<IntervalReading>
    <cost>577096</cost>
    <timePeriod>
        <duration>86400</duration>
        <start>1334030400</start>
         <!-- 4/10/2012 4:00:00 AM  -->
    </timePeriod>
    <value>61728</value>
</IntervalReading>
</IntervalBlock>
<IntervalBlock xmlns="http://naesb.org/espi">
    <interval>
        <duration>86400</duration>
        <start>1334116800</start>
        <!-- start date: 4/11/2012 4:00:00 AM -->
    </interval>
<IntervalReading>
    <cost>577096</cost>
    <timePeriod>
        <duration>86400</duration>
        <start>1334116800</start>
         <!-- 4/11/2012 4:00:00 AM  -->
    </timePeriod>
    <value>61728</value>
</IntervalReading>
</IntervalBlock>
<IntervalBlock xmlns="http://naesb.org/espi">
    <interval>
        <duration>86400</duration>
        <start>1334203200</start>
        <!-- start date: 4/12/2012 4:00:00 AM -->
    </interval>
<IntervalReading>
    <cost>577096</cost>
    <timePeriod>
        <duration>86400</duration>
        <start>1334203200</start>
         <!-- 4/12/2012 4:00:00 AM  -->
    </timePeriod>
    <value>61728</value>
</IntervalReading>
</IntervalBlock>
<IntervalBlock xmlns="http://naesb.org/espi">
    <interval>
        <duration>86400</duration>
        <start>1334289600</start>
        <!-- start date: 4/13/2012 4:00:00 AM -->
    </interval>
<IntervalReading>
    <cost>577096</cost>
    <timePeriod>
        <duration>86400</duration>
        <start>1334289600</start>
         <!-- 4/13/2012 4:00:00 AM  -->
    </timePeriod>
    <value>61728</value>
</IntervalReading>
</IntervalBlock>
<IntervalBlock xmlns="http://naesb.org/espi">
    <interval>
        <duration>86400</duration>
        <start>1334376000</start>
        <!-- start date: 4/14/2012 4:00:00 AM -->
    </interval>
<IntervalReading>
    <cost>459069</cost>
    <timePeriod>
        <duration>86400</duration>
        <start>1334376000</start>
         <!-- 4/14/2012 4:00:00 AM  -->
    </timePeriod>
    <value>75353</value>
</IntervalReading>
</IntervalBlock>
    </content>
    <published>1899-12-30T00:00:00Z</published>
    <updated>1899-12-30T00:00:00Z</updated>
</entry>
    <entry>
    <id>urn:uuid:49B0893D-7D64-47A9-B49C-0DB4763A88D9</id>
        <link rel="self" href="/ReadingType/07"/>
        <link rel="up" type="" href="/User/9b6c7065/UsagePoint/01/MeterReading/01"/>
        <title>Energy Delivered (kWh)</title>
        <content>
            <ReadingType xmlns="http://naesb.org/espi">
                <accumulationBehaviour> 4 </accumulationBehaviour>
                <commodity> 1 </commodity>
                <dataQualifier> 12 </dataQualifier>
                <flowDirection> 1 </flowDirection>
                <intervalLength> 86400 </intervalLength>
                <kind> 12 </kind>
                <phase> 769 </phase>
                <powerOfTenMultiplier> 0 </powerOfTenMultiplier>
                <timeAttribute> 0 </timeAttribute>
                <uom>72</uom>
            </ReadingType>
        </content>
        <published>1899-12-30T00:00:00Z</published>
        <updated>1899-12-30T00:00:00Z</updated>
    </entry>
    <entry>
    <id>urn:uuid:B3CFAA72-0917-457A-B7D2-AF27F8131B4A</id>
        <link rel="self" href="/User/9b6c7065/ElectricPowerUsageSummary"/>
        <link rel="up" type="" href="/User/9b6c7065/UsagePoint/01"/>
        <title>Usage Summary</title>
        <content>
            <ElectricPowerUsageSummary xmlns="http://naesb.org/espi">
                <billingPeriod>
                    <duration>2588400</duration>
                    <start>1330578000</start>
                </billingPeriod>
                <billLastPeriod>20891820</billLastPeriod>
                <billToDate>8066305</billToDate>
                <costAdditionalLastPeriod>4525000</costAdditionalLastPeriod>
                <currency>840</currency>
                <currentBillingPeriodOverAllConsumption>
                    <powerOfTenMultiplier> 0 </powerOfTenMultiplier>
                    <timeStamp>1334462400</timeStamp>
                    <uom>72</uom>
                    <value>994045</value>
                </currentBillingPeriodOverAllConsumption>
                <qualityOfReading>14</qualityOfReading>
                <statusTimeStamp>1334462400</statusTimeStamp>
            </ElectricPowerUsageSummary>
        </content>
        <published>1899-12-30T00:00:00Z</published>
        <updated>1899-12-30T00:00:00Z</updated>
    </entry>
</feed>
