<?xml version="1.0" encoding="UTF-8"?>
<!-- edited with XMLSpy v2012 (x64) (http://www.altova.com) by Ronald Pasquarelli (Rhythmic Software LLC) -->
<?xml-stylesheet type="text/xsl" href="ESPIRender_xslt1.xslt"?>
<feed xmlns="http://www.w3.org/2005/Atom" xsi:schemaLocation="http://naesb.org/espi espi.xsd" xmlns:xsi="http://www.w3.org/2001/XMLSchema-instance">
	<id>urn:uuid:046638c0-8701-11e0-9d78-0800200c9a66</id>
	<title>ThirdPartyX Batch Feed</title>
	<updated>2012-05-21T18:01:00Z</updated>
	<link rel="self" href="/ThirdParty/83e269c1/Batch"/>
	<entry>
		<id>urn:uuid:c990b150-8320-11e0-9d78-0800200c9a66</id>
		<link rel="self" href="/User/9b6c7063/UsagePoint/01"/>
		<link rel="up" href="/User/9b6c7063/UsagePoint"/>
		<link rel="related" href="/User/9b6c7063/UsagePoint/01/MeterReading"/>
		<title>1 Main Street, Knoxville, TN 37938</title>
		<content>
			<UsagePoint xmlns="http://naesb.org/espi">
				<ServiceCategory>
					<kind>0</kind>
				</ServiceCategory>
			</UsagePoint>
		</content>
		<published>2012-05-21T18:01:00Z</published>
		<updated>2012-05-21T18:01:00Z</updated>
	</entry>
	<entry>
		<id>urn:uuid:f2034e91-8320-11e0-9d78-0800200c9a66</id>
		<link rel="self" href="/User/9b6c7063/UsagePoint/01/MeterReading/01"/>
		<link rel="up" href="/User/9b6c7063/UsagePoint/01/MeterReading"/>
		<link rel="related" href="/User/9b6c7063/UsagePoint/01/MeterReading/01/IntervalBlock"/>
		<link rel="related" href="/ReadingType/07"/>
		<title>Hourly Energy Consumption</title>
		<content>
			<MeterReading xmlns="http://naesb.org/espi"/>
		</content>
		<published>2012-05-21T18:01:00Z</published>
		<updated>2012-05-21T18:01:00Z</updated>
	</entry>
	<entry>
		<id>urn:uuid:f2034e93-8320-11e0-9d78-0800200c9a66</id>
		<link rel="self" href="/User/9b6c7063/UsagePoint/01/MeterReading/01/IntervalBlock/0173"/>
		<link rel="up" href="/User/9b6c7063/UsagePoint/01/MeterReading/01/IntervalBlock"/>
		<title/>
		<content>
			<IntervalBlock xmlns="http://naesb.org/espi">
				<interval>
					<duration>86400</duration>
					<start>1322697600</start>
				</interval>
				<IntervalReading>
					<cost>911834</cost>
					<timePeriod>
						<duration>86400</duration>
						<start>1322697600</start>
					</timePeriod>
					<value>24</value>
				</IntervalReading>
			</IntervalBlock>
			<IntervalBlock xmlns="http://naesb.org/espi">
				<interval>
					<duration>86400</duration>
					<start>1322784000</start>
				</interval>
				<IntervalReading>
					<cost>911834</cost>
					<timePeriod>
						<duration>86400</duration>
						<start>1322784000</start>
					</timePeriod>
					<value>24</value>
				</IntervalReading>
			</IntervalBlock>
			<IntervalBlock xmlns="http://naesb.org/espi">
				<interval>
					<duration>86400</duration>
					<start>1322870400</start>
				</interval>
				<IntervalReading>
					<cost>1113148</cost>
					<timePeriod>
						<duration>86400</duration>
						<start>1322870400</start>
					</timePeriod>
					<value>24</value>
				</IntervalReading>
			</IntervalBlock>
			<IntervalBlock xmlns="http://naesb.org/espi">
				<interval>
					<duration>86400</duration>
					<start>1322956800</start>
				</interval>
				<IntervalReading>
					<cost>1113148</cost>
					<timePeriod>
						<duration>86400</duration>
						<start>1322956800</start>
					</timePeriod>
					<value>24</value>
				</IntervalReading>
			</IntervalBlock>
			<IntervalBlock xmlns="http://naesb.org/espi">
				<interval>
					<duration>86400</duration>
					<start>1323043200</start>
				</interval>
				<IntervalReading>
					<cost>911834</cost>
					<timePeriod>
						<duration>86400</duration>
						<start>1323043200</start>
					</timePeriod>
					<value>24</value>
				</IntervalReading>
			</IntervalBlock>
			<IntervalBlock xmlns="http://naesb.org/espi">
				<interval>
					<duration>86400</duration>
					<start>1323129600</start>
				</interval>
				<IntervalReading>
					<cost>911834</cost>
					<timePeriod>
						<duration>86400</duration>
						<start>1323129600</start>
					</timePeriod>
					<value>24</value>
				</IntervalReading>
			</IntervalBlock>
			<IntervalBlock xmlns="http://naesb.org/espi">
				<interval>
					<duration>86400</duration>
					<start>1323216000</start>
				</interval>
				<IntervalReading>
					<cost>911834</cost>
					<timePeriod>
						<duration>86400</duration>
						<start>1323216000</start>
					</timePeriod>
					<value>24</value>
				</IntervalReading>
			</IntervalBlock>
			<IntervalBlock xmlns="http://naesb.org/espi">
				<interval>
					<duration>86400</duration>
					<start>1323302400</start>
				</interval>
				<IntervalReading>
					<cost>911834</cost>
					<timePeriod>
						<duration>86400</duration>
						<start>1323302400</start>
					</timePeriod>
					<value>24</value>
				</IntervalReading>
			</IntervalBlock>
			<IntervalBlock xmlns="http://naesb.org/espi">
				<interval>
					<duration>86400</duration>
					<start>1323388800</start>
				</interval>
				<IntervalReading>
					<cost>911834</cost>
					<timePeriod>
						<duration>86400</duration>
						<start>1323388800</start>
					</timePeriod>
					<value>24</value>
				</IntervalReading>
			</IntervalBlock>
			<IntervalBlock xmlns="http://naesb.org/espi">
				<interval>
					<duration>86400</duration>
					<start>1323475200</start>
				</interval>
				<IntervalReading>
					<cost>1113148</cost>
					<timePeriod>
						<duration>86400</duration>
						<start>1323475200</start>
					</timePeriod>
					<value>24</value>
				</IntervalReading>
			</IntervalBlock>
			<IntervalBlock xmlns="http://naesb.org/espi">
				<interval>
					<duration>86400</duration>
					<start>1323561600</start>
				</interval>
				<IntervalReading>
					<cost>1113148</cost>
					<timePeriod>
						<duration>86400</duration>
						<start>1323561600</start>
					</timePeriod>
					<value>24</value>
				</IntervalReading>
			</IntervalBlock>
			<IntervalBlock xmlns="http://naesb.org/espi">
				<interval>
					<duration>86400</duration>
					<start>1323648000</start>
				</interval>
				<IntervalReading>
					<cost>911834</cost>
					<timePeriod>
						<duration>86400</duration>
						<start>1323648000</start>
					</timePeriod>
					<value>24</value>
				</IntervalReading>
			</IntervalBlock>
			<IntervalBlock xmlns="http://naesb.org/espi">
				<interval>
					<duration>86400</duration>
					<start>1323734400</start>
				</interval>
				<IntervalReading>
					<cost>911834</cost>
					<timePeriod>
						<duration>86400</duration>
						<start>1323734400</start>
					</timePeriod>
					<value>24</value>
				</IntervalReading>
			</IntervalBlock>
			<IntervalBlock xmlns="http://naesb.org/espi">
				<interval>
					<duration>86400</duration>
					<start>1323820800</start>
				</interval>
				<IntervalReading>
					<cost>911834</cost>
					<timePeriod>
						<duration>86400</duration>
						<start>1323820800</start>
					</timePeriod>
					<value>24</value>
				</IntervalReading>
			</IntervalBlock>
			<IntervalBlock xmlns="http://naesb.org/espi">
				<interval>
					<duration>86400</duration>
					<start>1323907200</start>
				</interval>
				<IntervalReading>
					<cost>911834</cost>
					<timePeriod>
						<duration>86400</duration>
						<start>1323907200</start>
					</timePeriod>
					<value>24</value>
				</IntervalReading>
			</IntervalBlock>
			<IntervalBlock xmlns="http://naesb.org/espi">
				<interval>
					<duration>86400</duration>
					<start>1323993600</start>
				</interval>
				<IntervalReading>
					<cost>911834</cost>
					<timePeriod>
						<duration>86400</duration>
						<start>1323993600</start>
					</timePeriod>
					<value>24</value>
				</IntervalReading>
			</IntervalBlock>
			<IntervalBlock xmlns="http://naesb.org/espi">
				<interval>
					<duration>86400</duration>
					<start>1324080000</start>
				</interval>
				<IntervalReading>
					<cost>1113148</cost>
					<timePeriod>
						<duration>86400</duration>
						<start>1324080000</start>
					</timePeriod>
					<value>24</value>
				</IntervalReading>
			</IntervalBlock>
			<IntervalBlock xmlns="http://naesb.org/espi">
				<interval>
					<duration>86400</duration>
					<start>1324166400</start>
				</interval>
				<IntervalReading>
					<cost>1113148</cost>
					<timePeriod>
						<duration>86400</duration>
						<start>1324166400</start>
					</timePeriod>
					<value>24</value>
				</IntervalReading>
			</IntervalBlock>
			<IntervalBlock xmlns="http://naesb.org/espi">
				<interval>
					<duration>86400</duration>
					<start>1324252800</start>
				</interval>
				<IntervalReading>
					<cost>911834</cost>
					<timePeriod>
						<duration>86400</duration>
						<start>1324252800</start>
					</timePeriod>
					<value>24</value>
				</IntervalReading>
			</IntervalBlock>
			<IntervalBlock xmlns="http://naesb.org/espi">
				<interval>
					<duration>86400</duration>
					<start>1324339200</start>
				</interval>
				<IntervalReading>
					<cost>911834</cost>
					<timePeriod>
						<duration>86400</duration>
						<start>1324339200</start>
					</timePeriod>
					<value>24</value>
				</IntervalReading>
			</IntervalBlock>
			<IntervalBlock xmlns="http://naesb.org/espi">
				<interval>
					<duration>86400</duration>
					<start>1324425600</start>
				</interval>
				<IntervalReading>
					<cost>911834</cost>
					<timePeriod>
						<duration>86400</duration>
						<start>1324425600</start>
					</timePeriod>
					<value>24</value>
				</IntervalReading>
			</IntervalBlock>
			<IntervalBlock xmlns="http://naesb.org/espi">
				<interval>
					<duration>86400</duration>
					<start>1324512000</start>
				</interval>
				<IntervalReading>
					<cost>911834</cost>
					<timePeriod>
						<duration>86400</duration>
						<start>1324512000</start>
					</timePeriod>
					<value>24</value>
				</IntervalReading>
			</IntervalBlock>
			<IntervalBlock xmlns="http://naesb.org/espi">
				<interval>
					<duration>86400</duration>
					<start>1324598400</start>
				</interval>
				<IntervalReading>
					<cost>911834</cost>
					<timePeriod>
						<duration>86400</duration>
						<start>1324598400</start>
					</timePeriod>
					<value>24</value>
				</IntervalReading>
			</IntervalBlock>
			<IntervalBlock xmlns="http://naesb.org/espi">
				<interval>
					<duration>86400</duration>
					<start>1324684800</start>
				</interval>
				<IntervalReading>
					<cost>1113148</cost>
					<timePeriod>
						<duration>86400</duration>
						<start>1324684800</start>
					</timePeriod>
					<value>24</value>
				</IntervalReading>
			</IntervalBlock>
			<IntervalBlock xmlns="http://naesb.org/espi">
				<interval>
					<duration>86400</duration>
					<start>1324771200</start>
				</interval>
				<IntervalReading>
					<cost>1113148</cost>
					<timePeriod>
						<duration>86400</duration>
						<start>1324771200</start>
					</timePeriod>
					<value>24</value>
				</IntervalReading>
			</IntervalBlock>
			<IntervalBlock xmlns="http://naesb.org/espi">
				<interval>
					<duration>86400</duration>
					<start>1324857600</start>
				</interval>
				<IntervalReading>
					<cost>911834</cost>
					<timePeriod>
						<duration>86400</duration>
						<start>1324857600</start>
					</timePeriod>
					<value>24</value>
				</IntervalReading>
			</IntervalBlock>
			<IntervalBlock xmlns="http://naesb.org/espi">
				<interval>
					<duration>86400</duration>
					<start>1324944000</start>
				</interval>
				<IntervalReading>
					<cost>911834</cost>
					<timePeriod>
						<duration>86400</duration>
						<start>1324944000</start>
					</timePeriod>
					<value>24</value>
				</IntervalReading>
			</IntervalBlock>
			<IntervalBlock xmlns="http://naesb.org/espi">
				<interval>
					<duration>86400</duration>
					<start>1325030400</start>
				</interval>
				<IntervalReading>
					<cost>911834</cost>
					<timePeriod>
						<duration>86400</duration>
						<start>1325030400</start>
					</timePeriod>
					<value>24</value>
				</IntervalReading>
			</IntervalBlock>
			<IntervalBlock xmlns="http://naesb.org/espi">
				<interval>
					<duration>86400</duration>
					<start>1325116800</start>
				</interval>
				<IntervalReading>
					<cost>911834</cost>
					<timePeriod>
						<duration>86400</duration>
						<start>1325116800</start>
					</timePeriod>
					<value>24</value>
				</IntervalReading>
			</IntervalBlock>
			<IntervalBlock xmlns="http://naesb.org/espi">
				<interval>
					<duration>86400</duration>
					<start>1325203200</start>
				</interval>
				<IntervalReading>
					<cost>911834</cost>
					<timePeriod>
						<duration>86400</duration>
						<start>1325203200</start>
					</timePeriod>
					<value>24</value>
				</IntervalReading>
			</IntervalBlock>
			<IntervalBlock xmlns="http://naesb.org/espi">
				<interval>
					<duration>86400</duration>
					<start>1325289600</start>
				</interval>
				<IntervalReading>
					<cost>1113148</cost>
					<timePeriod>
						<duration>86400</duration>
						<start>1325289600</start>
					</timePeriod>
					<value>24</value>
				</IntervalReading>
			</IntervalBlock>
			<IntervalBlock xmlns="http://naesb.org/espi">
				<interval>
					<duration>86400</duration>
					<start>1325376000</start>
				</interval>
				<IntervalReading>
					<cost>1113148</cost>
					<timePeriod>
						<duration>86400</duration>
						<start>1325376000</start>
					</timePeriod>
					<value>24</value>
				</IntervalReading>
			</IntervalBlock>
			<IntervalBlock xmlns="http://naesb.org/espi">
				<interval>
					<duration>86400</duration>
					<start>1325462400</start>
				</interval>
				<IntervalReading>
					<cost>911834</cost>
					<timePeriod>
						<duration>86400</duration>
						<start>1325462400</start>
					</timePeriod>
					<value>24</value>
				</IntervalReading>
			</IntervalBlock>
			<IntervalBlock xmlns="http://naesb.org/espi">
				<interval>
					<duration>86400</duration>
					<start>1325548800</start>
				</interval>
				<IntervalReading>
					<cost>911834</cost>
					<timePeriod>
						<duration>86400</duration>
						<start>1325548800</start>
					</timePeriod>
					<value>24</value>
				</IntervalReading>
			</IntervalBlock>
			<IntervalBlock xmlns="http://naesb.org/espi">
				<interval>
					<duration>86400</duration>
					<start>1325635200</start>
				</interval>
				<IntervalReading>
					<cost>911834</cost>
					<timePeriod>
						<duration>86400</duration>
						<start>1325635200</start>
					</timePeriod>
					<value>24</value>
				</IntervalReading>
			</IntervalBlock>
			<IntervalBlock xmlns="http://naesb.org/espi">
				<interval>
					<duration>86400</duration>
					<start>1325721600</start>
				</interval>
				<IntervalReading>
					<cost>911834</cost>
					<timePeriod>
						<duration>86400</duration>
						<start>1325721600</start>
					</timePeriod>
					<value>24</value>
				</IntervalReading>
			</IntervalBlock>
			<IntervalBlock xmlns="http://naesb.org/espi">
				<interval>
					<duration>86400</duration>
					<start>1325808000</start>
				</interval>
				<IntervalReading>
					<cost>911834</cost>
					<timePeriod>
						<duration>86400</duration>
						<start>1325808000</start>
					</timePeriod>
					<value>24</value>
				</IntervalReading>
			</IntervalBlock>
			<IntervalBlock xmlns="http://naesb.org/espi">
				<interval>
					<duration>86400</duration>
					<start>1325894400</start>
				</interval>
				<IntervalReading>
					<cost>1113148</cost>
					<timePeriod>
						<duration>86400</duration>
						<start>1325894400</start>
					</timePeriod>
					<value>24</value>
				</IntervalReading>
			</IntervalBlock>
			<IntervalBlock xmlns="http://naesb.org/espi">
				<interval>
					<duration>86400</duration>
					<start>1325980800</start>
				</interval>
				<IntervalReading>
					<cost>1113148</cost>
					<timePeriod>
						<duration>86400</duration>
						<start>1325980800</start>
					</timePeriod>
					<value>24</value>
				</IntervalReading>
			</IntervalBlock>
			<IntervalBlock xmlns="http://naesb.org/espi">
				<interval>
					<duration>86400</duration>
					<start>1326067200</start>
				</interval>
				<IntervalReading>
					<cost>911834</cost>
					<timePeriod>
						<duration>86400</duration>
						<start>1326067200</start>
					</timePeriod>
					<value>24</value>
				</IntervalReading>
			</IntervalBlock>
			<IntervalBlock xmlns="http://naesb.org/espi">
				<interval>
					<duration>86400</duration>
					<start>1326153600</start>
				</interval>
				<IntervalReading>
					<cost>911834</cost>
					<timePeriod>
						<duration>86400</duration>
						<start>1326153600</start>
					</timePeriod>
					<value>24</value>
				</IntervalReading>
			</IntervalBlock>
			<IntervalBlock xmlns="http://naesb.org/espi">
				<interval>
					<duration>86400</duration>
					<start>1326240000</start>
				</interval>
				<IntervalReading>
					<cost>911834</cost>
					<timePeriod>
						<duration>86400</duration>
						<start>1326240000</start>
					</timePeriod>
					<value>24</value>
				</IntervalReading>
			</IntervalBlock>
			<IntervalBlock xmlns="http://naesb.org/espi">
				<interval>
					<duration>86400</duration>
					<start>1326326400</start>
				</interval>
				<IntervalReading>
					<cost>911834</cost>
					<timePeriod>
						<duration>86400</duration>
						<start>1326326400</start>
					</timePeriod>
					<value>24</value>
				</IntervalReading>
			</IntervalBlock>
			<IntervalBlock xmlns="http://naesb.org/espi">
				<interval>
					<duration>86400</duration>
					<start>1326412800</start>
				</interval>
				<IntervalReading>
					<cost>911834</cost>
					<timePeriod>
						<duration>86400</duration>
						<start>1326412800</start>
					</timePeriod>
					<value>24</value>
				</IntervalReading>
			</IntervalBlock>
			<IntervalBlock xmlns="http://naesb.org/espi">
				<interval>
					<duration>86400</duration>
					<start>1326499200</start>
				</interval>
				<IntervalReading>
					<cost>1113148</cost>
					<timePeriod>
						<duration>86400</duration>
						<start>1326499200</start>
					</timePeriod>
					<value>24</value>
				</IntervalReading>
			</IntervalBlock>
			<IntervalBlock xmlns="http://naesb.org/espi">
				<interval>
					<duration>86400</duration>
					<start>1326585600</start>
				</interval>
				<IntervalReading>
					<cost>1113148</cost>
					<timePeriod>
						<duration>86400</duration>
						<start>1326585600</start>
					</timePeriod>
					<value>24</value>
				</IntervalReading>
			</IntervalBlock>
		</content>
		<published>2012-05-21T18:01:00Z</published>
		<updated>2012-05-21T18:01:00Z</updated>
	</entry>
	<entry>
		<id>urn:uuid:2557def0-8321-11e0-9d78-0800200c9a66</id>
		<link rel="self" href="/ReadingType/07"/>
		<link rel="up" type="" href="/ReadingType"/>
		<title>Energy Delivered (kWh)</title>
		<content>
			<ReadingType xmlns="http://naesb.org/espi">
				<accumulationBehaviour>4</accumulationBehaviour>
				<!--DeltaData-->
				<commodity>1</commodity>
				<!--Electricity-->
				<dataQualifier>12</dataQualifier>
				<!--Normal-->
				<flowDirection>1</flowDirection>
				<!--Forward-->
				<intervalLength>86400</intervalLength>
				<!-- One Hour -->
				<kind>12</kind>
				<!--Energy-->
				<phase>769</phase>
				<!--L1L2N Residential service-->
				<powerOfTenMultiplier>3</powerOfTenMultiplier>
				<!--kilo-->
				<timeAttribute>0</timeAttribute>
				<!--N/A-->
				<uom>72</uom>
				<!--Watt hours-->
			</ReadingType>
		</content>
		<published>2012-05-21T18:01:00Z</published>
		<updated>2012-05-21T18:01:00Z</updated>
	</entry>
	<entry>
		<id>urn:uuid:3557def0-8321-11e0-9d78-0800200c9a66</id>
		<link rel="self" href="/User/9b6c7063/ElectricPowerUsageSummary"/>
		<link rel="up" type="" href="/User/9b6c7063/UsagePoint/01"/>
		<title>Usage Summary</title>
		<content>
			<ElectricPowerUsageSummary xmlns="http://naesb.org/espi">
				<billingPeriod>
					<duration>2592000</duration>
					<start>1322697600</start>
				</billingPeriod>
				<billLastPeriod>24820832</billLastPeriod>
				<billToDate>2060508</billToDate>
				<costAdditionalLastPeriod>1489250</costAdditionalLastPeriod>
				<currency>840</currency>
				<currentBillingPeriodOverAllConsumption>
					<powerOfTenMultiplier>3</powerOfTenMultiplier>
					<timeStamp>1317599999</timeStamp>
					<uom>72</uom>
					<value>157</value>
				</currentBillingPeriodOverAllConsumption>
				<qualityOfReading>14</qualityOfReading>
				<statusTimeStamp>1326585600</statusTimeStamp>
			</ElectricPowerUsageSummary>
		</content>
	</entry>
</feed>
